Coho,Chinook,Pink,Steelhead
251,147,242,001
252,147,242,002
253,150,242,002
254,150,243,003
255,151,243,003
256,151,243,003
256,151,244,003
256,151,244,004
256,151,244,004
256,151,244,004
257,151,244,004
257,151,244,004
257,151,244,004
257,152,244,004
257,152,245,004
257,152,246,004
258,153,247,004
258,153,247,004
258,153,247,004
258,153,247,004
258,153,247,004
258,154,247,004
258,154,248,004
258,154,248,004
258,154,248,004
258,154,248,004
258,154,249,004
258,155,249,004
258,155,249,005
258,155,249,006
259,155,249,006
259,155,249,006
259,155,250,006
259,155,252,007
259,155,253,007
259,155,254,007
260,155,254,007
260,156,254,007
261,156,254,007
261,156,254,007
261,156,254,007
262,156,254,007
262,156,254,007
263,156,254,007
263,156,254,007
263,156,254,007
263,156,255,007
263,157,256,007
263,157,256,007
264,157,256,007
264,157,256,007
264,157,256,007
264,157,257,007
264,157,257,007
264,157,257,007
264,157,257,007
264,157,257,007
264,157,257,007
264,157,257,007
264,157,257,007
265,157,257,007
265,157,257,007
265,157,257,007
265,157,257,007
265,157,257,007
265,157,257,007
265,157,257,007
265,157,257,007
265,157,257,007
266,157,257,007
266,157,257,007
266,157,257,007
266,158,257,007
266,158,257,007
266,158,257,007
266,158,257,007
266,158,257,007
266,158,257,007
266,158,257,007
266,158,257,007
266,158,257,007
266,158,257,007
266,158,257,007
266,158,257,007
266,158,257,007
266,158,257,007
266,159,257,007
266,159,257,007
266,159,257,007
267,159,257,007
267,159,257,007
267,159,257,007
267,159,257,007
267,159,257,007
268,159,257,007
268,159,257,007
268,159,257,007
268,159,257,008
268,159,257,008
268,159,257,008
268,159,257,009
268,159,257,009
268,159,257,009
269,159,257,009
269,159,257,010
269,159,257,010
269,159,257,010
269,160,257,010
269,160,257,011
269,160,257,011
269,160,257,011
269,160,257,011
269,160,257,011
269,160,257,011
269,160,257,011
269,160,257,011
269,160,257,011
269,160,257,011
269,160,257,011
270,160,258,011
270,160,258,011
270,160,258,011
270,160,258,011
270,160,258,011
270,161,258,012
270,161,258,012
270,161,258,012
270,161,258,012
270,161,258,012
270,161,258,012
270,161,258,012
270,161,258,013
270,161,258,013
270,161,258,013
270,161,258,013
270,161,258,013
270,161,258,013
270,161,258,013
271,161,258,013
271,161,258,013
271,161,258,013
271,161,258,013
271,162,258,013
271,162,258,013
271,162,258,013
271,162,258,013
271,162,258,013
271,162,258,013
271,162,258,013
271,162,258,013
271,162,258,013
272,162,259,013
272,162,259,013
272,162,259,013
272,162,259,014
272,162,259,015
272,162,259,015
272,162,259,016
272,162,259,016
272,162,259,016
272,162,259,016
272,162,259,016
272,162,259,016
273,162,259,016
273,162,259,016
273,162,259,016
273,162,259,016
273,162,259,016
273,162,259,016
273,162,259,016
273,162,259,017
273,163,259,017
273,163,259,017
273,163,259,017
273,163,259,017
273,163,259,017
273,163,259,017
273,163,259,017
273,163,259,017
273,163,259,017
274,163,259,018
274,163,259,018
274,163,259,018
274,163,259,018
274,163,259,018
274,163,259,018
274,163,259,019
274,163,259,019
274,163,259,019
274,163,259,019
274,164,259,020
274,164,259,020
274,164,259,020
274,164,259,021
274,164,259,021
274,164,259,021
274,164,259,021
274,164,259,022
274,164,259,022
274,164,259,023
274,164,259,023
274,164,259,023
274,164,259,023
274,165,259,024
274,165,259,024
274,165,259,024
274,165,259,024
274,165,259,024
275,165,259,024
275,165,259,024
275,165,259,024
275,165,259,024
275,165,259,024
275,165,259,024
275,165,259,025
275,165,259,027
275,165,259,027
275,165,259,027
275,165,259,027
275,165,259,027
275,165,259,029
275,165,259,030
275,165,259,031
275,165,259,031
275,165,259,031
275,165,259,031
275,165,259,031
275,165,259,031
275,165,259,032
275,165,259,032
275,165,259,032
275,165,259,032
275,165,259,032
275,166,259,032
275,166,259,032
276,166,259,032
276,166,259,032
276,166,259,032
276,166,259,032
276,166,259,032
276,166,259,032
276,166,259,032
276,166,259,032
276,166,259,033
276,166,259,033
276,166,259,033
276,166,259,034
276,166,259,034
276,166,259,034
276,166,259,035
277,167,259,036
277,167,260,037
277,167,260,037
277,167,260,040
278,167,260,041
278,167,260,042
278,167,260,043
278,167,260,044
278,167,260,045
278,167,260,046
278,167,260,046
278,167,260,047
278,167,260,048
278,167,260,048
278,167,260,048
278,167,260,048
278,167,260,050
278,167,260,051
278,167,260,055
278,167,260,059
278,167,260,059
278,167,260,059
278,167,260,059
278,167,260,059
278,167,260,059
279,167,260,059
279,167,260,059
280,167,260,059
280,167,260,059
280,167,260,059
280,167,260,059
280,167,260,059
280,167,260,059
280,167,260,059
280,167,260,059
280,167,260,059
280,167,260,059
280,167,260,059
280,167,260,059
280,167,260,059
280,167,260,145
280,167,260,146
280,167,260,147
280,167,260,147
280,167,260,147
280,167,260,149
280,167,260,150
281,167,260,150
281,167,260,150
281,167,260,151
281,168,260,151
281,168,260,151
281,168,260,151
281,168,260,151
281,168,260,151
281,168,261,151
281,168,261,151
281,168,261,151
281,168,261,151
281,168,261,151
281,168,261,151
281,168,261,151
281,168,261,151
281,168,261,151
281,168,261,151
281,168,261,151
281,168,261,151
281,168,261,151
281,168,261,151
281,168,261,151
281,169,261,151
282,169,261,152
282,169,261,152
282,169,261,152
282,169,261,152
282,169,261,152
282,169,261,152
282,170,261,152
282,170,261,152
282,170,261,153
282,170,261,153
282,170,261,153
282,170,261,153
282,170,261,153
282,170,261,153
282,170,261,153
282,170,261,153
282,170,261,154
282,170,261,154
282,170,261,154
282,170,261,154
282,170,261,155
282,170,261,155
282,170,261,155
282,170,261,155
282,170,261,155
282,170,261,155
282,170,261,155
282,170,261,155
282,170,261,155
282,170,261,155
282,170,261,155
282,170,261,155
282,170,261,155
282,170,261,155
282,170,261,155
282,170,261,155
282,170,261,155
282,170,261,156
282,171,261,156
283,171,261,156
283,171,261,156
283,171,261,156
283,171,261,156
283,171,261,156
283,171,261,156
283,171,261,156
283,171,261,156
283,171,261,156
283,171,261,156
283,171,261,156
283,171,261,157
283,171,261,157
283,171,261,157
283,171,261,158
283,171,261,158
283,172,261,158
283,172,261,158
283,172,261,158
283,172,261,158
283,172,261,158
283,172,261,158
283,172,261,158
283,172,261,158
283,172,261,158
283,172,261,158
283,172,261,158
283,172,261,158
283,172,261,158
283,172,262,158
283,172,262,158
283,172,262,158
283,172,262,158
283,172,262,159
283,172,262,159
283,172,262,159
283,172,262,159
283,172,262,159
283,172,262,159
283,172,262,159
283,172,262,159
283,172,262,159
283,172,262,159
283,172,262,159
283,172,262,159
283,172,262,159
283,172,262,159
283,172,262,159
283,172,262,159
283,172,262,159
283,172,262,160
283,172,262,160
283,172,262,160
283,172,262,160
283,172,262,160
283,172,262,160
283,172,262,160
283,173,262,160
283,173,262,160
283,173,262,161
283,173,262,161
283,173,262,161
284,173,262,161
284,173,262,161
284,173,262,161
284,173,262,161
284,173,262,161
284,173,262,161
284,173,262,162
284,173,262,162
284,173,262,162
284,173,262,162
284,174,262,163
284,174,262,163
284,174,262,163
284,174,262,163
284,174,262,163
284,174,262,163
284,174,262,164
284,174,262,164
284,174,263,164
284,174,263,164
284,174,263,165
284,174,263,165
284,174,263,165
284,174,263,165
284,174,263,165
284,174,263,165
284,174,263,165
284,174,263,165
284,174,263,166
284,174,263,166
284,174,263,166
284,174,263,166
284,174,263,166
284,174,263,166
284,174,263,166
284,174,263,166
284,174,264,166
284,174,264,166
284,174,264,166
284,174,264,166
284,174,264,166
284,174,264,166
284,174,264,166
284,174,264,166
284,174,264,166
284,174,264,166
284,174,264,167
284,174,264,167
284,174,264,167
284,174,264,167
284,174,264,167
284,174,264,167
284,174,264,167
284,175,264,167
284,175,264,167
284,175,264,167
284,175,264,168
284,175,265,168
284,175,265,168
284,175,265,168
284,175,265,168
284,175,265,168
284,175,265,168
285,175,265,168
285,175,265,168
285,175,265,169
285,175,265,169
285,175,265,170
285,175,265,170
285,175,265,170
285,175,265,170
285,175,265,170
285,175,265,171
285,175,265,171
285,175,265,171
285,175,265,171
286,175,265,171
286,175,265,171
286,175,265,171
286,175,265,171
286,175,265,171
286,175,265,171
286,175,265,171
286,176,265,171
287,176,265,172
287,176,265,172
287,176,265,172
287,176,265,172
287,176,265,172
287,176,265,172
287,176,265,172
287,176,265,172
287,176,265,173
287,177,265,173
287,177,265,173
287,177,265,173
287,177,265,173
287,177,265,173
287,177,265,173
287,177,265,173
287,177,265,173
287,177,265,173
287,177,265,173
287,177,265,173
287,177,266,174
287,177,266,174
287,177,266,174
287,177,266,174
287,177,266,174
287,177,266,174
287,177,266,174
287,177,266,174
287,177,266,174
287,177,266,174
288,177,266,174
288,177,266,174
288,177,266,174
288,177,266,174
288,177,266,174
288,177,266,174
288,177,266,174
288,177,266,174
288,177,266,174
288,178,266,174
288,178,266,174
288,178,266,174
288,178,266,174
288,178,266,174
288,178,266,175
288,178,266,175
288,178,266,175
288,178,266,175
288,178,266,175
289,178,266,175
289,178,266,175
289,178,266,175
289,178,266,175
289,178,266,175
289,178,266,175
289,178,266,176
289,178,266,176
289,178,266,176
289,178,266,176
289,178,266,176
289,178,266,176
289,178,266,176
289,178,266,176
289,178,266,177
289,178,266,177
289,178,266,177
289,178,267,177
289,178,267,177
289,178,267,177
289,178,267,177
289,178,267,177
289,178,267,177
289,178,267,177
289,178,267,177
289,178,267,178
289,178,267,178
289,178,267,178
289,179,267,178
289,179,267,178
289,179,267,178
289,179,267,178
289,179,267,178
289,179,267,178
289,179,267,178
289,179,267,178
289,179,267,178
289,179,267,178
289,179,267,178
289,179,267,179
289,179,267,179
289,179,267,179
289,179,267,179
289,179,267,179
289,179,267,179
289,179,267,180
289,179,267,180
289,179,268,180
289,179,268,180
289,179,268,180
289,179,268,180
289,179,268,180
289,179,268,180
290,179,268,180
290,179,268,181
290,179,268,181
290,179,268,181
290,180,268,181
290,180,268,181
290,180,268,181
290,180,268,181
290,180,268,182
290,180,268,182
290,180,268,183
290,180,268,183
290,180,268,183
290,180,268,184
290,180,268,184
290,180,268,184
290,180,268,184
290,180,268,184
290,180,268,184
290,180,268,184
290,180,268,184
290,180,268,185
290,180,268,185
290,180,268,185
290,180,268,185
290,180,268,185
290,180,268,185
290,180,268,186
290,180,268,186
290,180,268,186
290,180,268,186
290,180,268,186
290,180,268,187
290,180,268,187
290,180,268,187
290,181,268,187
290,181,268,188
290,181,268,188
290,181,268,188
290,181,268,189
290,181,268,191
290,181,268,191
290,181,268,191
290,181,268,192
290,181,268,192
290,181,268,192
290,181,268,192
290,181,268,192
290,181,268,192
290,181,268,192
290,181,268,193
290,181,268,193
290,181,268,193
290,181,268,193
290,181,268,193
290,181,268,193
290,181,268,193
290,181,268,193
290,181,268,193
291,182,268,193
291,182,268,193
291,182,268,193
291,182,268,193
291,182,268,193
291,182,268,193
291,182,268,193
291,182,268,193
291,182,268,193
291,182,268,193
291,182,268,193
291,182,269,193
291,182,269,193
291,182,269,193
291,182,269,193
291,182,269,193
291,182,269,193
291,182,269,193
291,182,269,193
291,182,269,193
291,182,269,193
291,182,269,194
291,182,269,194
291,182,269,194
291,182,269,195
291,182,269,195
291,182,269,195
291,182,269,195
291,182,269,195
291,182,269,196
291,182,269,196
291,182,269,196
291,182,269,196
291,182,269,196
291,182,269,196
291,182,269,196
291,182,269,196
291,182,269,196
291,182,269,196
291,182,269,196
291,183,269,196
291,183,269,196
291,183,269,196
291,183,269,196
291,183,269,196
291,183,269,196
291,183,269,196
291,183,269,196
291,183,269,196
291,183,269,196
291,183,269,196
291,183,269,196
291,183,270,196
291,183,270,196
291,184,270,196
291,184,270,196
291,184,270,196
291,184,270,196
291,184,270,196
291,184,270,196
291,184,270,196
291,184,270,196
291,184,270,196
291,184,270,196
291,184,270,196
291,184,270,197
291,184,270,197
291,184,270,197
291,184,270,197
291,184,270,197
291,184,270,198
291,184,270,198
291,184,270,198
291,184,270,198
291,184,270,198
291,184,270,198
291,184,270,198
291,184,270,198
291,184,270,198
291,184,270,198
291,184,270,198
291,184,271,198
291,184,271,198
291,184,271,198
291,184,271,198
291,184,271,198
291,184,271,198
291,184,271,198
291,184,271,198
291,184,271,198
292,184,271,199
292,184,271,199
292,184,272,199
292,184,272,199
292,184,272,199
292,184,272,200
292,184,272,200
292,184,272,200
292,184,272,200
292,184,272,200
292,184,272,200
292,184,274,200
292,184,274,200
292,184,274,200
292,184,274,200
292,185,274,200
292,185,274,200
292,185,274,200
292,185,274,200
292,185,274,200
292,185,274,200
292,185,274,200
292,185,274,200
292,185,274,200
292,185,274,200
292,186,274,200
292,186,274,200
292,186,274,200
292,186,274,200
292,186,274,200
292,186,274,200
292,186,274,200
292,186,274,200
292,186,274,200
292,186,274,200
292,186,274,200
292,186,274,200
292,186,274,200
292,186,274,200
292,186,274,200
292,186,274,200
292,186,274,200
292,186,274,200
292,186,274,200
292,186,274,200
292,186,274,200
292,186,274,200
292,186,274,200
292,186,274,201
292,186,274,201
292,187,274,201
292,187,274,201
292,187,274,201
292,187,274,202
292,187,274,202
292,187,274,202
292,187,274,202
292,187,276,202
292,187,276,202
292,187,276,202
292,187,276,203
292,187,276,203
292,187,276,203
292,187,276,203
292,187,276,203
293,187,276,203
293,187,276,203
293,187,276,203
293,187,276,203
293,187,276,203
293,187,276,203
293,187,276,203
293,187,276,203
293,187,276,203
293,188,276,203
293,188,276,204
293,188,276,204
293,188,276,204
293,188,276,204
293,188,276,204
293,188,276,204
293,188,276,204
294,188,276,204
294,188,276,204
294,188,276,204
294,188,276,204
294,188,276,204
294,188,276,204
294,188,276,204
294,188,276,205
294,188,276,206
294,188,276,206
294,189,276,206
294,189,276,206
294,189,276,207
294,189,276,207
294,189,276,207
294,189,276,207
294,189,276,207
294,189,276,207
294,189,276,207
294,189,276,207
294,189,276,207
294,189,276,207
294,189,276,207
294,189,276,207
294,189,276,207
294,189,276,207
294,189,276,207
294,189,276,207
294,189,276,207
294,189,276,207
294,189,276,207
294,189,276,208
294,189,276,208
294,189,278,208
294,189,278,208
294,189,278,208
294,189,278,208
294,189,278,208
294,189,278,208
294,189,278,208
294,189,278,208
294,189,278,210
294,189,278,210
294,189,278,211
294,189,278,211
294,190,278,212
294,190,278,212
294,190,278,212
294,190,278,212
294,190,278,212
294,190,278,212
294,190,278,212
294,190,278,212
294,190,278,212
294,190,278,212
294,190,278,212
294,190,278,212
294,190,281,212
294,190,281,212
294,190,281,212
294,190,283,212
294,190,292,212
294,190,,212
294,190,,212
294,191,,212
294,191,,212
294,191,,212
294,191,,212
294,191,,212
294,191,,212
294,191,,215
294,191,,215
294,191,,215
294,191,,215
294,191,,215
294,191,,215
294,191,,215
294,191,,215
294,191,,215
294,191,,215
294,191,,215
294,191,,215
294,191,,215
294,191,,215
294,191,,215
294,191,,215
294,191,,215
294,191,,215
294,191,,215
294,191,,215
294,191,,215
294,191,,215
294,191,,215
294,191,,215
294,191,,215
294,191,,215
294,192,,215
294,192,,215
294,192,,215
294,192,,215
294,192,,215
294,192,,215
294,192,,215
294,192,,216
294,192,,216
294,192,,216
294,192,,216
294,192,,216
294,192,,216
294,193,,216
294,193,,216
295,193,,216
295,193,,216
295,193,,216
295,193,,216
295,193,,216
295,193,,216
295,193,,216
295,193,,216
295,193,,216
295,193,,216
295,193,,217
295,193,,219
295,193,,219
295,193,,219
295,193,,219
295,193,,219
295,193,,219
295,193,,219
295,194,,219
295,194,,219
295,194,,219
295,194,,219
295,194,,219
295,194,,219
295,194,,219
295,194,,219
295,194,,219
296,194,,219
296,194,,219
296,194,,219
296,194,,219
296,194,,219
296,194,,219
296,194,,219
296,194,,219
296,194,,219
296,194,,219
296,194,,219
296,194,,219
296,195,,219
296,195,,219
296,195,,219
296,195,,219
296,195,,219
296,195,,219
296,195,,219
296,195,,219
296,195,,219
296,195,,219
296,195,,219
296,195,,219
296,195,,219
296,195,,219
296,195,,219
296,195,,219
296,195,,219
296,195,,219
296,195,,219
296,195,,219
296,195,,219
296,195,,219
296,195,,219
296,195,,219
296,195,,224
296,196,,224
296,196,,224
296,196,,224
296,196,,224
296,196,,224
296,196,,224
296,196,,226
296,196,,226
296,196,,226
296,196,,226
296,196,,226
296,196,,226
296,196,,226
296,197,,226
296,197,,226
296,197,,226
296,197,,226
296,197,,226
296,197,,226
296,197,,226
296,197,,227
296,197,,227
296,197,,227
296,197,,227
296,197,,227
296,197,,227
296,197,,228
296,197,,228
296,197,,228
296,197,,229
296,197,,229
296,197,,230
296,197,,231
296,197,,231
296,197,,232
296,197,,232
296,197,,233
297,198,,233
297,198,,238
297,198,,239
297,198,,240
297,198,,240
297,198,,240
297,198,,240
297,198,,240
297,198,,240
297,198,,240
297,198,,242
297,198,,242
297,198,,243
297,198,,243
297,198,,243
297,198,,243
297,198,,244
297,198,,244
297,198,,244
297,198,,244
297,198,,244
297,198,,244
297,198,,244
297,198,,244
297,198,,244
297,198,,244
297,198,,244
297,198,,244
297,198,,244
297,198,,244
297,198,,244
297,198,,244
297,198,,244
297,198,,244
297,198,,244
298,198,,244
298,198,,244
298,198,,245
298,198,,245
298,198,,246
298,198,,246
298,198,,246
298,198,,246
298,198,,246
298,198,,246
298,198,,246
298,198,,246
298,198,,246
298,198,,246
298,198,,246
298,198,,246
298,198,,246
298,198,,246
298,198,,246
298,198,,246
298,198,,246
298,198,,246
298,198,,246
298,198,,246
298,198,,247
298,198,,247
298,198,,247
298,198,,248
298,198,,248
298,198,,248
298,198,,248
298,198,,248
298,198,,248
298,198,,248
298,198,,248
298,198,,248
298,198,,248
298,198,,248
298,198,,248
298,198,,248
298,198,,248
298,198,,248
298,198,,248
298,198,,248
298,198,,248
298,198,,248
298,198,,248
298,198,,249
298,199,,249
298,199,,249
298,199,,249
298,199,,249
298,199,,249
298,199,,249
298,200,,249
298,200,,249
298,200,,249
298,200,,249
299,200,,249
299,200,,249
299,200,,249
299,200,,249
299,200,,249
299,200,,249
299,200,,250
299,200,,250
299,200,,250
299,200,,250
299,200,,250
299,200,,250
299,200,,250
299,200,,250
300,200,,250
300,200,,250
300,200,,250
300,200,,250
300,200,,250
300,200,,250
300,200,,250
300,200,,250
300,200,,254
300,200,,254
300,201,,254
300,201,,255
300,201,,255
300,201,,255
300,201,,255
300,201,,255
300,201,,255
300,201,,255
300,201,,255
300,201,,255
300,201,,255
300,202,,255
300,202,,255
300,202,,255
301,202,,255
301,202,,255
301,202,,255
301,202,,255
301,202,,255
301,202,,255
301,202,,255
301,202,,255
301,203,,255
301,203,,255
301,203,,255
301,203,,255
301,203,,255
301,203,,255
301,203,,255
301,203,,255
301,203,,255
301,203,,255
301,203,,255
301,203,,255
301,203,,255
301,203,,255
301,203,,255
301,203,,255
301,203,,255
301,203,,255
301,203,,255
301,203,,255
301,204,,255
301,204,,255
301,204,,255
301,204,,255
301,204,,255
301,204,,255
301,204,,255
301,204,,255
301,204,,255
301,204,,255
301,204,,255
301,204,,255
301,204,,255
301,204,,255
301,204,,255
301,204,,255
301,204,,255
301,204,,255
302,204,,255
302,205,,255
302,205,,256
302,205,,256
302,205,,256
302,205,,256
302,205,,256
302,205,,257
302,205,,257
302,205,,257
302,205,,257
302,205,,257
302,205,,257
302,205,,257
302,205,,257
302,205,,257
302,205,,257
302,205,,257
302,205,,257
302,205,,257
302,205,,257
302,205,,257
302,205,,257
302,205,,258
302,205,,260
302,205,,261
302,205,,262
302,205,,262
302,205,,262
302,205,,262
302,205,,262
302,206,,262
302,206,,262
302,206,,262
302,206,,262
302,207,,262
303,207,,262
303,207,,262
303,207,,262
303,207,,262
303,207,,263
303,207,,263
303,207,,263
303,207,,264
303,207,,264
303,208,,265
303,208,,265
303,208,,265
303,208,,265
303,208,,265
303,209,,265
303,209,,265
303,209,,265
303,209,,265
303,210,,265
303,210,,265
303,210,,265
303,210,,265
303,210,,265
303,210,,265
303,210,,265
303,210,,265
303,210,,265
303,210,,265
303,210,,265
303,210,,265
303,210,,265
303,210,,266
303,211,,266
303,211,,266
303,211,,267
303,211,,267
303,211,,267
303,211,,267
303,211,,267
303,211,,267
303,211,,267
303,211,,267
303,211,,267
303,211,,267
303,211,,267
303,211,,267
303,211,,267
303,211,,267
303,211,,267
303,211,,267
303,211,,267
303,211,,267
303,211,,267
303,212,,267
303,212,,267
303,212,,267
303,212,,267
303,212,,267
303,212,,267
303,212,,267
303,212,,268
303,213,,268
303,213,,268
304,213,,268
304,213,,269
304,213,,269
304,213,,269
304,213,,269
304,213,,269
304,213,,273
304,213,,273
304,213,,273
304,213,,273
304,213,,273
304,213,,273
304,213,,273
304,214,,273
304,214,,273
304,214,,273
304,215,,273
304,215,,273
304,215,,273
304,215,,273
304,215,,273
304,215,,273
304,215,,273
304,215,,273
304,215,,273
304,215,,273
304,215,,273
304,215,,273
304,215,,273
304,215,,273
304,215,,274
304,215,,275
304,215,,275
304,215,,275
304,215,,275
304,215,,275
304,215,,275
304,215,,275
304,215,,275
304,215,,275
304,215,,275
304,216,,275
304,216,,275
304,216,,275
304,217,,275
304,217,,275
304,217,,275
304,217,,275
304,217,,275
304,217,,275
304,217,,275
304,219,,275
304,219,,275
304,219,,275
304,220,,275
304,220,,275
304,220,,275
304,223,,275
304,223,,275
304,223,,275
304,223,,275
304,224,,275
304,224,,275
304,224,,275
304,224,,276
304,226,,277
304,226,,277
304,226,,277
304,226,,277
304,226,,277
305,227,,277
305,227,,277
305,227,,277
305,227,,283
305,227,,283
305,227,,283
305,227,,284
305,228,,284
305,228,,284
305,228,,284
305,228,,284
305,228,,284
305,228,,284
305,228,,284
305,228,,284
305,228,,284
305,228,,284
305,228,,284
305,228,,284
305,229,,284
305,229,,284
305,229,,284
305,229,,284
305,229,,284
305,230,,284
305,230,,284
305,230,,284
305,231,,284
305,231,,284
305,231,,284
305,231,,284
305,231,,284
305,231,,284
305,231,,284
305,231,,284
305,232,,284
305,232,,284
305,232,,284
305,233,,284
305,233,,284
305,233,,284
305,234,,284
305,234,,284
305,234,,284
305,234,,284
305,234,,284
305,234,,284
305,234,,284
305,234,,284
305,234,,284
305,234,,284
305,234,,284
305,234,,284
305,234,,284
305,234,,284
305,234,,284
305,235,,284
305,236,,284
305,236,,284
305,236,,284
305,236,,284
305,236,,284
305,236,,284
305,236,,284
305,236,,284
305,236,,284
305,237,,284
305,237,,284
305,237,,284
305,238,,284
305,238,,284
305,238,,284
305,238,,284
305,238,,284
305,238,,284
305,238,,284
305,238,,284
305,238,,284
305,238,,284
306,238,,284
306,238,,284
306,238,,284
306,238,,284
306,238,,284
306,238,,284
306,238,,284
306,238,,284
306,238,,284
306,238,,284
306,238,,284
306,238,,284
306,238,,284
306,238,,284
306,238,,284
306,238,,284
306,238,,284
306,238,,284
306,238,,284
306,238,,284
306,239,,284
306,239,,284
306,239,,284
306,239,,284
306,239,,284
306,239,,284
306,240,,284
306,240,,284
306,240,,286
306,240,,289
306,240,,290
306,240,,290
306,240,,290
306,240,,290
306,240,,290
306,240,,290
306,240,,290
306,240,,290
306,240,,292
306,240,,292
306,241,,292
306,241,,295
306,241,,295
306,241,,295
306,241,,296
306,241,,296
306,241,,296
307,241,,296
307,241,,296
307,241,,296
307,242,,296
307,242,,296
307,242,,296
307,242,,296
307,242,,296
307,242,,296
307,242,,296
307,242,,296
307,242,,298
307,242,,298
307,242,,298
307,243,,298
307,243,,298
307,243,,299
307,243,,299
307,243,,299
307,243,,299
308,243,,299
308,243,,300
308,243,,300
308,243,,300
308,243,,300
308,243,,300
308,243,,300
308,243,,300
308,243,,300
308,243,,302
308,243,,302
308,243,,302
308,243,,302
308,244,,302
308,244,,303
308,244,,303
308,244,,303
308,244,,303
308,244,,303
308,244,,303
308,244,,303
308,244,,303
308,244,,303
308,244,,303
308,244,,303
308,244,,303
308,244,,303
308,244,,303
308,244,,303
308,244,,303
308,245,,303
308,245,,303
308,245,,305
308,245,,306
308,245,,307
308,245,,307
308,245,,307
308,245,,307
308,245,,307
308,245,,307
308,245,,307
308,245,,307
308,245,,307
308,245,,307
308,245,,307
308,245,,307
308,245,,307
308,245,,307
308,245,,307
308,245,,307
308,245,,307
308,245,,307
308,245,,307
308,245,,307
308,245,,307
309,245,,307
309,245,,307
309,245,,307
309,245,,307
309,245,,307
309,245,,307
309,245,,308
309,245,,308
309,245,,308
309,245,,308
309,245,,308
309,245,,308
309,245,,308
309,245,,308
309,245,,308
309,245,,308
309,245,,310
309,245,,310
309,246,,310
309,246,,310
309,246,,310
309,246,,310
309,246,,310
309,246,,310
309,246,,310
309,246,,310
309,246,,310
309,246,,310
309,246,,310
309,246,,310
309,247,,310
309,247,,310
309,247,,310
309,247,,310
309,247,,310
309,247,,310
309,247,,314
309,247,,314
309,247,,314
309,248,,314
309,248,,314
309,248,,314
309,248,,314
309,248,,314
309,248,,314
309,248,,314
309,248,,314
309,248,,314
309,248,,314
309,248,,314
309,248,,314
309,248,,314
309,249,,314
309,249,,314
309,249,,314
309,249,,314
309,249,,314
309,249,,314
309,249,,314
309,250,,314
309,250,,314
309,250,,314
309,250,,314
309,250,,314
309,250,,314
309,250,,314
309,250,,314
309,250,,314
309,251,,314
309,251,,314
309,251,,314
309,251,,314
309,251,,314
309,251,,314
309,251,,314
309,251,,314
309,251,,314
309,251,,314
309,251,,314
309,251,,314
309,251,,314
309,251,,314
309,251,,314
309,251,,314
309,251,,314
309,251,,314
309,251,,314
309,251,,314
309,251,,314
309,251,,314
309,251,,314
309,251,,314
309,251,,319
309,252,,319
309,252,,319
309,252,,319
309,252,,319
309,252,,319
309,252,,319
309,252,,319
309,252,,319
309,252,,319
309,252,,319
309,252,,319
309,252,,319
309,252,,319
309,252,,319
309,252,,319
309,252,,319
309,252,,319
309,252,,319
309,252,,320
309,252,,320
309,252,,320
309,252,,320
309,252,,320
309,252,,320
309,252,,320
309,252,,320
309,252,,320
309,252,,320
309,253,,320
309,253,,321
309,253,,321
309,253,,321
309,253,,321
309,253,,321
309,253,,325
309,253,,325
309,253,,325
309,253,,325
309,253,,325
309,253,,325
309,253,,325
309,253,,325
309,253,,325
309,253,,326
309,253,,326
309,253,,326
309,253,,326
309,254,,327
309,254,,327
309,254,,327
310,254,,327
310,254,,328
310,254,,328
310,254,,328
310,254,,328
310,254,,328
310,254,,328
310,254,,328
310,254,,328
310,254,,328
310,254,,328
310,254,,328
310,254,,328
310,254,,328
310,254,,328
310,254,,328
310,254,,328
310,254,,328
310,255,,328
310,255,,328
310,255,,328
310,255,,328
310,255,,328
310,255,,328
310,255,,328
310,255,,328
310,255,,328
310,255,,328
310,255,,328
310,255,,328
310,255,,328
310,255,,328
310,255,,329
310,255,,329
310,255,,329
310,255,,329
310,255,,329
310,255,,332
310,255,,335
310,255,,336
310,255,,336
310,255,,336
310,255,,336
311,255,,336
311,255,,336
311,255,,336
311,255,,336
311,255,,336
312,255,,338
312,255,,338
312,255,,338
312,255,,338
312,255,,338
312,255,,338
312,255,,338
312,255,,339
312,255,,340
312,255,,340
312,255,,340
312,255,,340
312,255,,341
312,256,,342
312,256,,343
312,256,,343
312,256,,344
312,256,,344
313,256,,345
313,256,,345
313,256,,346
313,256,,346
313,256,,347
313,256,,347
313,256,,348
313,256,,348
313,256,,348
313,256,,349
313,256,,349
313,256,,349
313,256,,350
313,256,,350
313,256,,350
313,256,,351
313,256,,352
313,256,,352
313,256,,352
313,256,,352
313,256,,352
313,256,,353
313,256,,353
313,256,,353
313,256,,353
313,256,,353
313,256,,353
313,256,,353
313,256,,353
313,256,,354
313,256,,354
313,256,,355
313,256,,356
313,256,,356
313,256,,356
313,256,,356
313,256,,357
313,256,,357
313,257,,357
313,257,,357
313,257,,358
313,257,,358
313,257,,358
313,257,,358
313,257,,358
313,257,,360
313,257,,360
313,257,,360
313,257,,360
313,257,,360
313,257,,360
314,257,,362
314,257,,362
314,257,,362
314,257,,363
314,257,,363
314,257,,363
314,257,,363
314,257,,363
314,257,,363
314,257,,363
314,257,,363
314,257,,363
314,257,,363
314,257,,363
314,257,,363
314,257,,364
314,257,,364
314,257,,364
314,257,,364
314,257,,364
314,257,,365
314,257,,365
314,257,,365
314,257,,365
314,257,,365
314,257,,365
314,257,,365
314,257,,365
314,257,,365
314,257,,366
314,257,,366
314,257,,366
314,258,,366
314,258,,366
314,258,,
314,258,,
314,258,,
315,258,,
315,258,,
315,258,,
315,258,,
315,258,,
315,258,,
315,258,,
315,258,,
315,258,,
315,258,,
315,258,,
315,258,,
315,258,,
315,258,,
315,258,,
315,258,,
315,258,,
315,258,,
315,258,,
315,258,,
315,258,,
315,258,,
315,258,,
315,258,,
315,258,,
315,258,,
315,258,,
315,258,,
315,258,,
315,258,,
315,258,,
315,258,,
315,258,,
315,258,,
315,258,,
315,258,,
315,258,,
315,258,,
315,258,,
315,258,,
315,258,,
315,258,,
315,258,,
315,258,,
315,258,,
315,258,,
315,258,,
316,259,,
316,259,,
316,259,,
316,259,,
316,259,,
316,259,,
316,259,,
316,259,,
316,259,,
316,259,,
316,259,,
316,259,,
316,259,,
317,259,,
317,259,,
317,259,,
317,259,,
317,259,,
317,259,,
317,259,,
317,259,,
317,259,,
317,259,,
317,259,,
317,259,,
317,259,,
317,259,,
317,259,,
317,259,,
317,259,,
317,259,,
317,259,,
317,259,,
317,259,,
317,259,,
317,259,,
317,259,,
317,259,,
317,259,,
317,260,,
317,260,,
317,260,,
317,260,,
317,260,,
317,260,,
317,260,,
317,260,,
317,260,,
317,260,,
317,260,,
317,260,,
317,260,,
317,260,,
317,260,,
317,260,,
317,260,,
317,261,,
317,261,,
317,261,,
317,261,,
317,261,,
317,261,,
317,261,,
317,261,,
317,261,,
317,261,,
317,261,,
317,261,,
317,261,,
317,261,,
317,261,,
317,261,,
317,261,,
318,261,,
318,261,,
318,261,,
318,261,,
318,261,,
318,261,,
318,261,,
318,261,,
318,261,,
318,261,,
318,261,,
318,261,,
318,261,,
318,261,,
318,261,,
318,261,,
318,261,,
318,261,,
318,261,,
318,261,,
318,261,,
318,261,,
318,261,,
318,261,,
318,261,,
318,261,,
318,261,,
318,261,,
318,261,,
319,261,,
320,261,,
320,261,,
320,261,,
320,261,,
320,261,,
320,261,,
320,261,,
320,262,,
320,262,,
320,262,,
320,262,,
320,262,,
320,262,,
320,262,,
320,262,,
320,262,,
320,262,,
320,262,,
320,262,,
320,262,,
320,262,,
320,262,,
320,262,,
320,262,,
320,262,,
320,262,,
320,262,,
320,262,,
320,262,,
320,262,,
320,262,,
320,262,,
320,262,,
320,262,,
320,262,,
320,262,,
320,262,,
320,262,,
320,262,,
320,262,,
320,262,,
320,262,,
320,262,,
320,262,,
321,262,,
321,262,,
321,262,,
321,262,,
321,262,,
321,262,,
321,262,,
321,262,,
321,262,,
321,262,,
321,262,,
321,262,,
321,262,,
321,262,,
321,262,,
321,262,,
321,262,,
321,262,,
321,262,,
321,262,,
321,262,,
321,262,,
321,262,,
321,262,,
321,263,,
322,263,,
322,263,,
322,263,,
322,263,,
322,263,,
322,263,,
322,263,,
322,263,,
322,263,,
322,263,,
322,263,,
322,263,,
322,263,,
322,263,,
322,263,,
322,263,,
322,263,,
322,263,,
322,263,,
322,263,,
322,263,,
322,263,,
322,263,,
322,263,,
322,263,,
322,263,,
322,263,,
322,263,,
322,263,,
322,263,,
322,263,,
322,263,,
322,263,,
322,263,,
322,263,,
322,263,,
322,263,,
322,263,,
322,263,,
322,264,,
322,264,,
322,264,,
322,264,,
322,264,,
322,264,,
323,264,,
323,264,,
323,264,,
323,264,,
323,264,,
323,264,,
323,264,,
323,264,,
323,264,,
323,264,,
323,264,,
323,264,,
323,264,,
323,264,,
323,264,,
323,264,,
323,264,,
323,264,,
323,264,,
323,264,,
323,264,,
323,264,,
323,264,,
323,264,,
323,264,,
323,264,,
323,264,,
323,264,,
323,264,,
323,264,,
323,264,,
323,264,,
323,264,,
323,264,,
323,264,,
323,264,,
323,264,,
323,264,,
323,264,,
324,264,,
324,264,,
324,264,,
324,264,,
324,264,,
324,264,,
324,264,,
324,264,,
325,264,,
325,264,,
325,264,,
325,264,,
325,264,,
325,264,,
325,264,,
325,264,,
325,264,,
325,264,,
325,264,,
325,264,,
325,264,,
325,264,,
325,264,,
325,264,,
325,264,,
325,264,,
325,264,,
325,264,,
325,264,,
325,264,,
325,264,,
325,264,,
325,264,,
325,264,,
325,264,,
325,265,,
325,265,,
325,265,,
325,265,,
325,265,,
325,265,,
325,265,,
325,265,,
325,265,,
325,265,,
325,265,,
326,265,,
326,265,,
326,265,,
326,265,,
326,265,,
326,265,,
326,265,,
326,265,,
326,265,,
326,266,,
326,266,,
326,266,,
326,266,,
326,266,,
326,266,,
327,266,,
327,266,,
327,266,,
327,266,,
327,266,,
327,266,,
327,266,,
327,266,,
327,266,,
327,266,,
327,266,,
328,266,,
328,266,,
328,266,,
328,266,,
328,266,,
328,266,,
329,266,,
329,266,,
329,266,,
329,266,,
329,266,,
329,266,,
329,266,,
329,266,,
329,266,,
329,266,,
329,266,,
329,266,,
329,266,,
329,266,,
329,266,,
329,266,,
329,266,,
329,267,,
329,267,,
329,267,,
329,267,,
329,267,,
329,267,,
329,267,,
329,267,,
329,267,,
329,267,,
329,267,,
330,267,,
330,267,,
330,267,,
330,267,,
331,267,,
332,267,,
333,267,,
333,267,,
333,267,,
334,267,,
334,267,,
334,267,,
334,267,,
334,267,,
334,267,,
334,267,,
334,267,,
334,268,,
334,268,,
334,268,,
334,268,,
334,268,,
334,268,,
335,268,,
335,268,,
335,268,,
335,268,,
335,268,,
335,269,,
335,269,,
335,269,,
335,269,,
335,269,,
335,269,,
335,269,,
335,269,,
335,269,,
335,269,,
335,269,,
335,269,,
335,269,,
335,269,,
336,269,,
336,270,,
336,270,,
336,270,,
336,270,,
336,270,,
336,270,,
336,270,,
336,270,,
336,270,,
336,270,,
336,270,,
336,270,,
336,270,,
336,270,,
336,270,,
336,270,,
336,270,,
337,270,,
337,270,,
337,270,,
337,270,,
337,270,,
337,270,,
337,270,,
337,271,,
337,271,,
337,271,,
337,271,,
337,271,,
337,271,,
337,271,,
337,271,,
337,271,,
337,271,,
337,271,,
337,271,,
337,271,,
337,271,,
338,271,,
338,271,,
338,271,,
338,271,,
338,271,,
339,271,,
339,271,,
339,271,,
344,271,,
344,271,,
350,271,,
350,271,,
360,271,,
361,271,,
363,271,,
363,271,,
365,271,,
,271,,
,271,,
,271,,
,271,,
,271,,
,272,,
,272,,
,272,,
,272,,
,272,,
,272,,
,273,,
,273,,
,273,,
,273,,
,273,,
,273,,
,273,,
,273,,
,273,,
,273,,
,273,,
,273,,
,273,,
,273,,
,273,,
,273,,
,273,,
,273,,
,273,,
,273,,
,273,,
,274,,
,274,,
,274,,
,274,,
,274,,
,274,,
,274,,
,274,,
,274,,
,274,,
,274,,
,274,,
,274,,
,274,,
,274,,
,274,,
,275,,
,275,,
,275,,
,275,,
,275,,
,275,,
,276,,
,276,,
,277,,
,277,,
,278,,
,278,,
,278,,
,278,,
,278,,
,278,,
,278,,
,278,,
,279,,
,279,,
,279,,
,279,,
,279,,
,279,,
,279,,
,279,,
,279,,
,279,,
,279,,
,279,,
,279,,
,279,,
,279,,
,279,,
,279,,
,279,,
,280,,
,282,,
,282,,
,283,,
,286,,
,286,,
,286,,
,286,,
,286,,
,297,,
,316,,
