WILD Fall Chinook,HATCHERY Fall Chinook,WILD  Coho,HATCHERY  Coho,WILD  Chum
253,235,269,260,279
253,235,273,260,279
253,240,275,260,279
255,253,275,260,279
264,253,275,260,279
264,253,275,260,279
264,253,275,260,279
264,253,275,260,279
264,253,275,260,279
264,253,275,260,279
264,253,275,260,279
264,253,275,260,279
264,253,275,260,279
264,254,275,260,279
264,254,275,260,279
264,255,275,260,279
264,255,275,260,279
264,255,275,260,279
264,255,275,260,279
264,255,275,260,279
265,255,275,260,279
266,255,275,260,279
267,255,278,260,279
267,255,278,260,279
267,255,278,260,279
267,255,278,260,279
269,255,278,260,279
269,255,278,260,279
269,255,278,260,279
269,255,278,260,279
269,255,278,260,279
269,255,278,260,279
269,255,278,260,279
269,255,278,265,279
269,255,278,265,279
269,255,278,265,279
269,255,278,265,279
269,255,278,265,279
269,255,278,265,279
269,255,278,265,279
269,255,278,265,279
269,255,278,265,279
269,255,278,265,279
269,255,278,265,279
269,255,278,265,279
269,255,278,265,279
269,255,278,265,279
269,255,278,265,279
269,256,278,265,279
269,256,278,265,279
269,256,278,265,286
269,256,278,265,286
269,256,278,265,286
269,256,278,265,286
269,256,278,265,286
269,256,278,269,286
269,256,278,269,286
269,256,278,269,286
269,256,278,269,286
269,256,278,269,288
269,259,278,269,288
269,259,278,269,288
269,260,278,269,289
269,260,278,269,289
269,260,278,269,289
269,260,278,269,289
269,260,278,272,289
269,260,278,272,289
269,260,278,272,289
269,260,278,272,289
269,260,278,272,289
269,260,278,272,289
269,260,278,272,289
269,260,278,272,289
269,260,278,272,289
269,260,278,272,289
269,260,278,272,291
269,260,278,272,291
269,260,278,272,292
269,260,278,272,292
269,260,278,272,292
269,260,278,272,292
269,260,278,272,292
269,260,278,275,292
269,260,278,275,292
269,260,278,275,292
269,260,278,275,292
269,260,278,275,292
269,260,278,275,292
269,260,278,275,292
269,260,278,275,292
269,260,278,275,292
269,260,278,275,292
269,260,278,275,292
270,260,278,275,292
270,260,278,275,292
270,260,278,275,292
270,260,278,275,292
270,260,278,275,292
270,260,278,275,292
270,260,278,277,292
270,260,278,277,292
270,260,278,277,292
270,260,278,277,293
270,260,278,277,293
270,260,278,277,293
270,260,278,277,293
270,260,278,277,293
270,260,278,278,293
270,261,278,278,293
270,261,278,278,293
270,262,278,278,293
270,262,278,278,293
270,263,278,278,293
270,263,278,278,293
270,264,278,278,293
270,264,278,278,293
270,264,278,278,293
270,264,278,278,293
270,264,278,278,293
270,264,278,278,293
270,264,278,278,293
271,264,280,278,293
272,264,280,278,293
272,264,280,278,293
272,264,280,278,293
272,264,280,278,293
272,264,280,278,293
272,264,280,278,293
272,265,280,278,293
272,265,280,278,293
272,265,280,278,293
272,265,280,278,293
272,265,280,278,293
272,265,281,278,293
272,265,281,278,293
272,265,281,278,293
272,265,281,278,293
272,265,281,278,293
272,265,281,278,293
272,265,281,278,293
272,265,281,278,294
272,265,281,278,294
272,266,281,278,294
272,266,281,278,294
272,266,281,278,294
272,266,281,278,294
272,266,281,278,294
272,266,281,278,294
272,266,281,278,294
272,266,281,278,294
272,266,281,278,294
272,266,281,278,294
272,266,281,278,294
272,266,281,278,294
272,266,281,278,294
272,266,281,278,294
272,266,281,278,294
272,266,281,278,294
272,267,281,278,294
272,267,281,278,294
272,267,281,278,294
272,267,281,278,294
272,267,281,278,294
272,267,281,278,294
272,267,281,278,294
272,267,281,278,294
273,267,281,278,294
273,267,281,278,294
273,267,281,278,294
273,267,281,278,294
273,267,281,278,294
273,267,281,278,294
273,267,282,278,294
275,267,282,278,294
275,267,282,278,294
275,267,282,278,294
275,267,282,278,294
275,267,282,278,294
275,267,282,278,294
275,267,282,278,294
275,267,282,278,294
275,268,282,278,294
275,268,282,278,294
275,268,282,278,294
275,268,282,278,294
275,268,282,278,294
275,268,282,278,294
275,268,282,278,294
275,268,282,278,294
275,268,282,278,294
275,268,282,278,294
275,269,282,278,294
275,269,282,278,294
275,269,282,278,294
275,269,282,278,294
275,269,282,278,294
275,269,282,278,294
275,269,282,278,294
275,269,282,278,294
275,269,283,278,294
275,269,283,278,294
275,269,283,278,294
275,269,283,278,294
275,269,283,278,294
275,269,283,278,294
275,269,283,278,295
275,269,284,278,295
275,269,284,279,295
275,269,284,279,295
275,269,284,279,295
275,269,284,279,295
275,269,284,279,295
275,269,284,279,296
275,269,284,279,296
275,269,284,279,296
275,269,284,279,296
275,269,284,279,296
275,269,284,279,296
275,269,284,279,296
275,269,284,279,296
275,269,284,279,296
275,269,284,279,296
276,269,284,279,296
276,269,284,279,296
276,269,284,279,296
276,269,284,279,297
276,269,284,279,297
276,269,284,279,297
277,269,284,279,297
277,269,284,279,297
277,269,284,279,297
277,269,284,279,297
277,269,284,279,297
277,269,284,279,297
277,269,284,279,297
277,269,284,279,297
277,269,284,279,297
277,269,284,279,297
277,269,284,279,297
277,269,284,279,297
277,269,284,279,297
277,269,284,279,297
277,269,284,279,297
277,269,284,279,297
278,269,284,279,297
278,269,284,279,297
278,269,284,279,297
278,269,284,279,297
278,269,284,279,297
278,269,284,279,297
278,269,284,279,297
278,269,284,279,297
278,269,284,279,297
278,269,284,279,297
278,269,284,279,297
278,269,284,279,297
278,269,284,279,297
278,269,284,279,297
278,269,284,279,297
278,269,284,279,297
278,269,284,279,297
278,269,284,279,297
278,269,284,279,297
278,269,284,279,297
278,269,284,279,297
278,269,284,279,297
278,269,284,279,298
278,270,284,279,298
278,270,284,279,298
278,270,284,279,298
278,270,284,279,298
278,270,284,279,298
278,270,284,279,298
278,270,284,279,298
278,270,284,279,298
278,270,284,279,298
278,270,284,279,298
278,270,284,279,298
278,270,284,279,298
278,270,284,279,298
278,270,284,279,298
278,270,284,279,298
278,270,284,279,298
278,270,284,279,298
278,270,284,279,298
278,270,284,279,298
280,270,284,279,298
280,270,284,279,298
280,270,284,279,298
280,270,284,279,298
280,270,284,279,298
280,270,284,279,298
280,270,284,279,298
280,270,284,279,298
280,270,284,279,298
280,270,286,279,299
280,270,286,279,299
280,270,286,279,299
280,270,286,280,299
280,270,286,280,299
280,270,286,280,299
280,270,286,280,299
280,270,286,280,299
280,270,286,280,299
280,270,286,280,299
280,270,286,280,299
280,270,286,280,299
280,270,286,280,299
280,270,286,280,299
280,270,286,280,299
280,270,286,280,299
280,270,286,280,299
280,270,286,280,299
280,270,286,280,299
280,270,286,280,299
280,270,286,280,299
280,271,286,280,299
280,271,286,280,299
280,271,286,280,299
280,271,286,280,299
280,271,286,280,299
280,271,286,280,299
280,271,286,280,299
280,271,286,280,299
280,271,286,280,299
280,271,286,280,299
280,271,286,280,299
280,271,286,280,299
280,271,286,280,299
280,271,286,280,299
280,271,286,280,299
280,271,286,280,299
280,271,286,280,299
280,271,286,280,299
280,271,286,280,299
280,271,286,280,299
280,271,286,280,299
280,271,286,280,299
280,271,286,280,299
280,271,286,280,299
280,271,286,280,299
280,271,286,280,299
280,271,286,280,299
280,271,286,280,299
280,271,286,280,299
280,271,286,280,299
280,271,286,280,299
280,272,286,280,299
280,272,286,280,299
280,272,286,280,299
280,272,286,280,299
280,272,286,280,299
280,272,286,280,299
280,272,286,280,299
280,272,286,280,299
280,272,286,280,299
280,272,286,280,299
280,272,286,280,299
280,272,286,280,299
280,272,286,280,299
280,272,286,280,299
280,272,286,280,299
280,272,286,280,299
280,272,286,280,299
280,272,286,280,299
280,272,286,281,299
280,272,286,281,299
280,272,286,281,299
280,272,286,281,299
280,272,286,281,299
280,272,286,281,299
280,272,286,281,299
280,272,286,281,299
280,272,286,281,299
280,272,286,281,299
280,272,286,281,299
280,272,286,281,299
280,272,286,281,299
280,272,286,281,299
280,272,286,281,299
280,272,286,281,299
280,272,286,281,299
280,272,286,281,299
280,272,286,281,299
280,272,286,281,299
280,272,286,281,299
280,272,286,281,299
280,272,286,281,299
280,272,286,281,299
280,272,286,281,299
280,272,286,281,300
280,272,286,281,300
280,272,286,281,300
280,272,286,281,300
280,272,286,281,300
280,272,286,281,300
280,272,286,281,300
280,272,286,281,300
280,272,286,282,300
280,272,286,282,300
280,272,286,282,300
280,272,286,282,300
280,272,286,282,300
280,272,286,282,300
280,272,286,282,300
280,272,286,282,300
280,272,286,282,300
280,272,286,282,300
280,272,286,282,300
280,272,286,282,300
280,272,286,282,300
280,272,286,282,300
280,272,286,282,300
280,272,286,282,300
280,272,286,282,300
280,272,286,282,300
280,272,286,282,300
280,272,286,282,300
280,272,286,282,300
280,272,286,282,300
280,272,286,282,300
280,272,286,282,300
280,272,286,282,300
280,272,286,282,300
280,272,286,282,300
280,272,286,282,300
280,272,286,282,300
280,272,286,282,300
280,273,286,282,300
280,273,286,282,300
280,273,286,282,300
280,273,286,283,300
280,273,286,283,300
280,273,286,283,300
280,273,286,283,300
280,273,286,283,300
280,273,286,283,300
280,273,286,283,300
280,273,286,283,300
280,273,286,283,300
280,273,286,283,300
281,273,286,283,300
281,273,286,283,300
281,273,286,283,300
281,273,286,283,300
281,273,286,283,300
281,273,286,283,300
281,273,286,283,300
281,273,286,283,300
281,273,286,283,300
281,273,286,283,300
281,273,286,283,300
281,273,286,283,300
281,273,286,283,300
281,273,286,283,300
281,273,286,283,300
281,273,286,283,300
281,273,286,285,300
281,273,286,285,300
281,273,286,285,300
281,273,286,285,300
281,273,286,285,300
281,273,286,285,300
281,273,286,285,300
281,273,286,285,300
281,273,286,285,300
281,273,286,285,300
281,273,286,285,300
281,273,286,285,300
281,273,286,285,300
281,273,286,285,300
281,273,286,285,300
281,273,286,285,300
281,273,286,285,300
281,273,286,285,300
281,273,286,285,300
281,273,286,285,300
281,273,286,285,300
281,273,286,285,300
281,273,286,285,300
281,273,286,285,301
281,273,286,285,301
281,273,286,285,301
281,273,286,285,301
281,273,286,285,301
281,273,286,285,301
281,273,286,285,301
282,274,286,285,301
282,274,286,285,301
282,274,286,285,301
282,274,286,285,301
282,274,286,285,301
282,274,286,285,301
282,274,286,285,301
282,274,286,285,301
282,274,287,285,301
282,274,287,285,301
282,274,287,285,301
282,274,287,285,301
283,274,287,285,301
283,274,287,285,301
283,274,287,285,301
283,274,287,285,301
283,274,287,285,301
283,274,287,285,301
283,274,287,285,301
283,274,287,285,301
283,274,287,285,301
283,274,287,285,301
283,274,287,285,301
283,274,287,285,301
283,274,287,285,301
283,274,287,285,301
283,274,287,285,301
283,274,287,285,301
283,274,287,285,301
283,274,287,285,301
283,275,287,285,301
283,275,287,285,301
283,275,287,285,301
283,275,287,285,301
283,275,287,285,301
283,275,287,285,301
283,275,287,285,301
283,275,287,285,301
283,275,287,285,301
283,275,287,285,301
283,275,287,285,301
283,275,288,285,301
283,275,288,285,301
283,275,288,285,301
283,275,288,285,301
283,275,288,285,301
283,275,288,285,301
283,275,288,285,301
283,275,288,285,301
283,275,288,285,301
283,275,288,285,301
283,275,288,285,301
283,275,288,285,301
283,275,288,285,301
283,275,288,285,301
283,275,288,285,301
283,275,288,285,301
284,275,288,285,301
284,275,288,285,302
284,275,288,285,302
284,275,288,285,302
284,277,288,285,302
284,277,288,285,302
284,277,288,285,302
284,277,288,285,302
284,277,288,285,302
284,277,288,285,302
284,277,288,285,302
284,277,288,285,302
284,277,288,285,302
284,277,288,285,302
284,277,288,285,302
284,277,288,285,302
284,277,288,285,302
284,277,288,285,302
284,277,288,285,302
284,277,288,285,302
284,277,288,285,302
284,277,288,285,302
284,277,288,285,302
284,277,288,285,302
284,277,288,285,302
284,277,288,285,302
284,277,288,285,302
284,277,288,285,302
284,277,288,285,302
284,277,288,285,302
285,277,288,285,302
285,277,288,285,302
285,277,288,285,302
285,277,288,285,302
286,277,288,285,302
286,277,288,285,302
286,277,288,285,302
286,277,288,285,302
286,277,288,285,302
286,277,288,285,302
286,277,288,285,302
286,277,288,285,302
286,277,288,285,302
286,277,288,285,302
286,277,288,285,302
286,277,288,285,302
286,277,288,285,302
286,277,288,285,302
286,277,288,285,302
286,277,288,285,302
286,277,288,285,302
286,277,290,285,302
286,277,290,285,302
286,277,290,285,302
286,277,290,285,302
286,277,290,285,302
286,277,290,285,302
286,277,291,285,302
286,277,291,285,302
286,277,291,285,302
286,277,291,285,302
286,277,291,285,302
286,277,291,285,302
286,277,293,285,302
286,277,293,285,302
286,277,293,285,302
286,277,293,285,302
286,277,293,285,302
286,277,293,285,302
286,277,293,285,302
286,277,293,285,302
286,277,293,285,302
286,277,293,285,302
286,277,293,286,302
286,277,293,286,302
286,277,293,286,302
286,277,293,286,302
286,277,293,286,302
286,277,293,286,302
286,277,293,286,302
286,277,293,286,302
286,277,293,286,302
286,277,293,286,302
286,277,293,286,302
286,277,293,286,302
286,277,293,286,302
286,277,293,286,302
286,277,293,286,302
286,277,293,286,302
286,277,293,288,302
286,277,293,288,302
286,277,293,288,302
286,277,293,288,302
286,277,293,288,302
286,277,293,288,302
286,277,293,288,302
286,277,293,288,302
286,277,293,288,302
286,277,293,288,302
286,277,293,288,302
286,277,293,288,302
286,277,293,288,302
286,277,293,288,302
286,277,293,288,302
286,277,293,288,302
286,277,293,289,302
286,277,293,289,302
286,277,293,289,302
286,277,293,289,302
286,277,293,289,302
286,277,293,289,302
286,277,293,289,302
286,277,293,289,302
286,277,293,289,302
286,277,293,289,302
286,277,293,289,302
286,277,293,289,302
286,277,293,289,302
286,277,293,289,302
287,277,293,289,302
287,277,293,289,302
287,277,293,291,302
287,277,293,291,302
287,277,293,291,302
287,277,293,291,302
287,277,293,291,302
287,277,293,291,302
287,277,293,291,302
287,278,293,291,302
287,278,293,291,302
287,278,293,291,302
287,278,293,291,302
287,278,293,292,302
287,278,293,292,302
287,278,293,292,302
287,278,293,292,302
287,278,293,292,302
287,278,293,292,302
287,278,293,292,302
287,278,294,292,302
287,278,294,292,302
287,278,294,292,302
287,278,294,292,302
287,278,294,292,302
287,278,294,292,302
287,278,294,292,302
287,278,294,292,302
287,278,294,292,302
287,278,294,292,303
287,278,294,292,303
287,278,294,292,303
287,278,294,292,303
287,278,294,292,303
287,278,294,292,303
287,278,294,292,303
287,278,294,292,303
287,278,294,292,303
287,278,294,292,303
287,278,294,292,303
287,278,294,292,303
287,278,294,292,303
287,278,294,292,303
287,278,294,292,303
287,278,294,293,303
287,278,294,293,303
287,278,294,293,303
287,278,294,293,303
287,278,294,293,303
287,278,294,293,303
287,278,294,293,303
287,278,294,293,303
287,278,294,293,303
287,278,294,293,303
287,278,294,293,303
287,278,294,293,303
287,278,294,293,303
287,278,294,293,303
287,278,294,293,303
288,278,294,293,303
288,278,294,293,303
288,278,294,293,303
288,278,294,293,303
288,278,294,293,303
288,278,294,293,303
288,278,294,293,303
288,278,294,293,303
288,278,294,293,303
288,278,294,293,303
288,278,294,293,303
288,278,294,293,303
288,278,294,293,303
288,278,294,293,303
288,278,294,294,303
288,278,294,294,303
288,278,294,294,303
288,278,294,294,303
288,278,294,294,303
288,278,294,294,303
288,278,294,294,304
288,278,294,294,304
288,278,294,294,304
288,278,294,294,304
288,278,294,294,304
288,278,294,294,304
288,278,294,294,304
288,278,294,294,304
288,278,294,294,304
288,278,294,294,304
288,278,294,294,304
288,278,294,294,304
288,278,294,294,304
288,278,294,294,304
288,278,294,294,304
288,278,294,294,304
288,278,294,294,304
288,278,294,294,304
288,278,294,294,304
288,278,294,294,304
290,278,294,294,304
290,278,294,294,304
290,278,294,294,304
290,278,294,294,304
290,278,294,294,304
290,278,294,294,304
290,278,294,294,304
290,278,294,294,304
290,278,294,294,304
290,279,294,294,304
290,279,294,294,304
290,279,294,294,304
290,279,294,294,304
290,279,294,294,304
290,279,294,294,304
290,279,294,294,304
290,279,294,294,304
290,279,294,294,304
290,279,294,294,304
290,279,294,294,304
290,279,294,294,304
290,279,294,294,304
290,279,294,294,304
290,279,294,294,304
290,279,294,294,304
290,279,294,294,304
290,279,294,294,304
290,279,294,294,304
290,279,294,294,304
290,279,294,294,304
290,279,294,294,305
290,279,294,294,305
290,279,294,294,305
290,279,294,294,305
290,279,294,294,305
290,279,294,294,305
290,279,294,294,305
290,279,294,294,305
290,279,294,294,305
290,279,294,294,305
290,279,294,294,305
290,279,294,294,305
290,279,294,294,305
290,279,294,294,305
290,279,294,294,305
290,279,294,294,305
290,279,294,294,305
290,279,294,294,305
290,279,294,294,305
290,279,294,294,305
290,279,294,294,305
290,279,296,294,305
290,279,296,294,305
290,279,296,294,305
290,279,296,294,305
290,279,296,294,305
290,279,296,294,305
290,279,296,294,305
290,279,296,294,305
290,279,296,294,305
290,279,296,294,305
290,279,296,294,305
290,279,296,294,305
290,279,296,294,305
290,279,296,294,305
290,279,296,294,305
290,279,296,294,305
290,279,296,294,305
290,279,296,294,305
290,279,296,294,305
290,279,296,294,305
290,279,296,294,305
290,279,296,294,305
290,279,296,294,305
290,279,296,294,305
290,279,296,294,305
290,279,296,294,305
290,279,296,294,305
290,279,296,294,305
290,279,296,294,305
290,279,296,294,305
290,279,296,294,305
290,279,296,294,305
291,279,296,294,305
291,279,296,294,305
291,279,296,294,305
293,279,296,294,305
293,279,296,294,305
293,279,296,294,305
293,279,296,294,305
293,279,296,294,305
293,280,296,294,305
293,280,296,294,305
293,280,296,294,305
293,280,296,294,305
293,280,296,294,305
293,280,296,294,305
293,280,296,294,305
293,280,296,294,305
293,280,296,294,305
293,280,296,294,305
293,280,296,294,305
293,280,296,294,305
293,280,296,294,305
293,280,296,294,305
294,280,296,294,305
294,280,296,294,305
294,280,296,294,305
294,280,296,294,305
294,280,296,294,305
294,280,296,294,305
294,280,296,294,305
294,280,296,294,305
294,280,296,294,305
294,280,296,294,305
296,280,296,294,305
296,280,296,294,305
296,280,296,294,305
296,280,296,294,305
296,280,296,294,305
296,280,296,294,305
296,280,296,294,305
298,280,296,294,305
298,280,296,294,305
298,280,296,294,306
298,280,296,294,306
298,280,296,294,306
298,280,296,294,306
298,280,296,294,306
298,280,296,294,306
298,280,296,294,306
298,280,296,294,306
298,280,296,294,306
298,280,296,294,306
298,280,296,294,306
298,280,296,296,306
298,280,296,296,306
298,280,296,296,306
298,280,296,296,306
298,280,296,296,306
298,280,296,296,306
298,280,296,296,306
298,280,296,296,306
298,280,296,296,306
298,280,296,296,306
298,280,296,296,306
298,280,296,296,306
298,280,296,296,306
298,280,296,296,306
298,280,296,296,306
298,280,296,296,306
298,280,296,296,306
298,280,296,296,306
298,280,296,296,306
298,280,300,296,306
298,280,300,296,306
298,280,300,296,306
298,280,300,296,306
298,280,300,296,306
298,280,300,296,306
298,280,300,296,306
298,280,300,296,306
298,280,300,296,306
298,280,300,296,306
298,280,300,296,306
298,280,300,296,306
298,280,300,296,306
298,280,300,296,306
298,280,300,296,306
298,280,300,296,306
298,280,300,296,306
298,280,300,297,306
298,280,300,297,306
298,280,300,297,306
298,280,300,297,306
298,280,300,297,306
298,280,300,298,306
298,280,300,298,306
298,280,300,298,306
298,280,300,298,306
298,280,300,298,306
298,280,300,298,306
298,280,300,298,306
298,280,300,298,306
298,280,300,298,306
298,280,300,298,306
298,280,300,298,306
298,280,300,298,306
298,280,300,298,306
298,280,300,298,306
298,280,300,298,306
298,280,300,298,306
298,280,300,298,306
298,280,300,298,306
298,280,300,298,306
298,280,300,298,306
298,280,300,298,306
298,280,300,298,306
298,280,300,298,306
298,280,300,298,306
298,280,300,298,306
298,280,300,298,306
298,280,300,298,306
298,280,300,298,306
298,280,300,298,306
298,280,300,298,306
298,280,300,298,306
298,280,300,298,306
298,280,300,298,306
298,280,300,298,306
298,280,300,299,307
298,280,300,299,307
298,280,300,299,307
298,280,300,299,307
298,280,300,299,307
298,280,300,299,307
298,280,300,300,307
298,280,300,300,307
298,280,300,300,307
298,280,300,300,307
298,280,300,300,307
298,280,300,300,307
300,280,300,300,307
300,280,300,300,307
300,280,300,300,309
300,280,300,300,309
301,280,301,300,309
301,280,301,300,309
301,280,301,300,309
303,280,301,300,309
307,280,301,300,309
307,280,301,300,309
314,280,301,300,309
322,280,301,300,309
322,280,301,303,309
322,280,301,303,309
,280,301,303,309
,280,301,303,309
,280,301,303,309
,280,301,303,310
,280,301,303,310
,280,301,303,310
,280,301,303,310
,280,301,303,310
,280,301,303,310
,280,301,303,310
,280,301,303,310
,280,301,303,310
,280,301,303,310
,280,301,303,310
,280,301,303,310
,280,301,303,310
,280,301,303,310
,280,301,303,310
,280,301,303,310
,280,301,303,310
,280,301,303,310
,280,301,303,310
,280,301,303,310
,280,301,303,310
,280,301,303,310
,280,301,303,310
,280,301,303,310
,280,301,303,310
,280,301,303,310
,280,301,303,310
,280,303,303,310
,280,303,303,310
,280,303,303,310
,280,303,303,310
,280,303,303,310
,280,303,303,310
,280,303,303,310
,280,303,303,310
,280,303,303,310
,280,303,303,310
,280,303,303,310
,280,303,303,310
,280,303,303,310
,281,303,303,310
,281,303,303,310
,281,303,303,310
,281,303,303,310
,281,303,303,310
,281,303,303,310
,281,303,303,310
,281,303,303,310
,281,303,303,310
,281,303,303,310
,281,303,303,312
,281,303,303,312
,281,303,303,312
,281,303,305,313
,281,303,305,313
,281,303,305,313
,281,303,305,313
,281,303,305,313
,281,303,305,313
,281,303,305,313
,282,303,305,313
,282,303,305,313
,282,303,305,313
,282,303,305,313
,282,303,305,313
,282,303,305,313
,282,303,305,313
,282,303,305,313
,282,303,305,313
,282,303,305,313
,282,303,305,313
,282,303,305,313
,282,303,306,313
,282,303,306,313
,282,303,307,313
,282,307,307,313
,282,307,307,313
,282,307,307,313
,282,307,307,313
,282,307,307,313
,282,307,307,313
,282,307,307,313
,282,307,307,313
,282,307,307,313
,282,307,307,313
,282,307,307,313
,282,307,307,313
,282,307,307,313
,282,307,307,313
,282,307,307,313
,282,308,307,313
,282,308,307,313
,282,308,307,313
,282,308,307,313
,282,308,308,313
,282,308,308,313
,282,310,308,313
,282,310,308,314
,282,310,308,314
,282,310,308,314
,282,310,308,314
,282,310,308,314
,282,310,310,314
,282,310,310,314
,282,310,310,314
,282,310,310,314
,282,310,310,314
,282,310,310,314
,282,310,310,315
,282,310,310,315
,282,310,310,315
,282,310,310,315
,282,310,310,315
,282,310,310,315
,282,310,310,316
,282,310,310,316
,282,310,310,316
,282,310,310,316
,282,310,310,316
,282,310,310,316
,282,310,310,316
,282,310,310,316
,282,310,310,316
,283,310,310,316
,283,310,310,316
,283,310,310,316
,283,310,310,316
,283,310,310,316
,283,310,310,316
,283,310,310,317
,283,310,310,317
,283,310,310,317
,283,310,310,317
,283,310,310,317
,283,310,310,317
,283,310,310,317
,283,310,310,317
,283,310,310,317
,283,314,310,317
,283,314,312,317
,283,314,312,317
,283,314,312,317
,283,314,312,317
,283,314,312,317
,284,314,312,317
,284,314,314,317
,284,314,314,317
,284,318,314,317
,284,318,314,317
,284,318,314,318
,284,318,314,318
,284,318,314,318
,284,318,314,318
,284,318,314,318
,284,319,314,318
,284,319,314,318
,284,319,314,318
,284,322,314,318
,284,322,314,318
,284,322,314,318
,284,322,314,318
,284,322,314,318
,284,322,314,318
,284,322,314,318
,284,322,314,318
,284,322,314,319
,284,322,314,319
,284,322,314,319
,284,322,314,319
,284,322,314,319
,284,322,314,319
,284,322,314,319
,284,322,314,319
,284,326,314,319
,284,326,314,321
,284,326,314,321
,284,326,314,321
,284,326,314,321
,285,326,314,321
,285,326,314,321
,285,326,314,321
,285,326,314,321
,285,326,314,321
,285,326,314,321
,285,326,314,321
,285,326,314,321
,285,326,322,321
,285,326,322,321
,285,326,322,321
,285,326,322,321
,285,326,322,321
,285,326,322,321
,285,326,322,321
,285,326,322,321
,285,326,322,321
,285,326,322,321
,285,326,322,321
,285,326,322,321
,285,326,322,321
,285,326,326,321
,285,326,326,321
,285,326,326,321
,285,326,326,321
,285,326,326,321
,285,326,326,321
,285,326,326,321
,285,326,326,321
,285,326,326,321
,285,326,326,321
,285,326,326,321
,285,326,326,321
,285,326,326,321
,285,326,326,321
,285,326,326,321
,285,326,326,321
,285,326,326,321
,285,326,326,321
,285,326,326,321
,285,326,326,321
,285,326,326,321
,285,326,326,321
,285,326,326,321
,285,326,326,321
,285,326,326,321
,285,326,326,321
,285,326,326,321
,285,326,326,321
,285,326,326,321
,285,326,326,321
,285,326,326,321
,285,326,326,321
,285,326,326,321
,285,326,326,321
,285,326,326,321
,285,326,326,321
,285,326,326,321
,285,326,326,321
,285,326,326,321
,285,326,326,321
,285,326,326,321
,285,326,326,321
,285,326,326,321
,285,326,326,321
,285,326,326,321
,285,326,326,321
,285,326,326,321
,285,326,326,321
,285,326,326,321
,285,326,326,321
,285,326,326,321
,285,326,326,321
,285,326,326,321
,285,326,326,321
,285,326,326,321
,285,326,326,321
,285,326,326,321
,285,326,326,321
,285,326,326,321
,285,326,326,321
,285,326,326,321
,285,326,326,321
,285,326,326,321
,285,326,326,321
,285,326,326,321
,285,326,326,321
,285,326,326,321
,285,326,326,321
,285,326,326,321
,285,326,326,321
,285,326,326,321
,285,326,326,321
,285,326,326,321
,285,326,326,321
,285,327,326,321
,285,327,326,321
,285,327,326,321
,285,327,326,321
,285,327,326,321
,285,327,326,321
,285,327,326,321
,285,327,326,321
,285,327,326,321
,285,327,326,321
,285,327,326,322
,285,327,326,322
,285,329,326,322
,285,329,326,322
,285,329,326,322
,285,329,326,322
,285,329,326,322
,285,329,326,322
,285,329,326,322
,285,329,326,322
,285,329,326,322
,285,329,326,322
,285,329,326,322
,285,,326,322
,285,,326,322
,285,,326,322
,285,,,326
,285,,,326
,285,,,326
,285,,,326
,285,,,326
,285,,,326
,285,,,326
,285,,,326
,285,,,326
,285,,,326
,285,,,326
,285,,,326
,285,,,326
,285,,,326
,285,,,326
,285,,,326
,285,,,326
,285,,,326
,285,,,326
,285,,,326
,285,,,326
,285,,,326
,285,,,326
,285,,,326
,285,,,326
,285,,,326
,285,,,326
,285,,,326
,285,,,326
,285,,,326
,285,,,326
,285,,,326
,285,,,326
,285,,,326
,285,,,326
,285,,,326
,285,,,326
,285,,,326
,285,,,326
,285,,,326
,285,,,326
,285,,,326
,285,,,326
,285,,,326
,285,,,326
,285,,,326
,285,,,326
,285,,,326
,285,,,326
,285,,,326
,285,,,326
,285,,,326
,285,,,326
,285,,,326
,285,,,326
,285,,,326
,285,,,326
,285,,,326
,285,,,326
,285,,,326
,285,,,326
,285,,,326
,285,,,326
,285,,,326
,285,,,326
,285,,,326
,285,,,326
,285,,,326
,285,,,326
,285,,,326
,285,,,326
,285,,,326
,285,,,326
,285,,,326
,285,,,326
,285,,,326
,285,,,326
,285,,,326
,285,,,326
,285,,,326
,285,,,326
,285,,,326
,285,,,326
,285,,,326
,286,,,326
,286,,,326
,286,,,326
,286,,,326
,286,,,326
,286,,,326
,286,,,326
,286,,,326
,286,,,326
,286,,,326
,286,,,326
,286,,,326
,286,,,326
,286,,,326
,286,,,326
,286,,,326
,286,,,
,286,,,
,286,,,
,286,,,
,286,,,
,286,,,
,286,,,
,286,,,
,286,,,
,286,,,
,286,,,
,286,,,
,286,,,
,286,,,
,286,,,
,286,,,
,286,,,
,286,,,
,286,,,
,286,,,
,286,,,
,286,,,
,286,,,
,286,,,
,286,,,
,286,,,
,286,,,
,286,,,
,286,,,
,286,,,
,286,,,
,286,,,
,286,,,
,286,,,
,286,,,
,286,,,
,286,,,
,286,,,
,286,,,
,286,,,
,286,,,
,286,,,
,286,,,
,286,,,
,286,,,
,286,,,
,286,,,
,286,,,
,286,,,
,286,,,
,286,,,
,287,,,
,287,,,
,287,,,
,287,,,
,287,,,
,287,,,
,287,,,
,287,,,
,287,,,
,287,,,
,287,,,
,287,,,
,287,,,
,287,,,
,287,,,
,287,,,
,287,,,
,287,,,
,287,,,
,287,,,
,287,,,
,287,,,
,287,,,
,287,,,
,287,,,
,287,,,
,287,,,
,287,,,
,288,,,
,288,,,
,288,,,
,288,,,
,288,,,
,288,,,
,288,,,
,288,,,
,288,,,
,288,,,
,288,,,
,288,,,
,288,,,
,288,,,
,288,,,
,288,,,
,288,,,
,288,,,
,288,,,
,288,,,
,288,,,
,288,,,
,288,,,
,288,,,
,288,,,
,288,,,
,288,,,
,288,,,
,288,,,
,288,,,
,288,,,
,288,,,
,288,,,
,288,,,
,288,,,
,288,,,
,288,,,
,289,,,
,289,,,
,289,,,
,289,,,
,289,,,
,289,,,
,289,,,
,289,,,
,289,,,
,289,,,
,289,,,
,289,,,
,289,,,
,289,,,
,289,,,
,289,,,
,289,,,
,289,,,
,289,,,
,289,,,
,289,,,
,289,,,
,289,,,
,289,,,
,289,,,
,289,,,
,289,,,
,289,,,
,289,,,
,289,,,
,289,,,
,289,,,
,289,,,
,289,,,
,289,,,
,289,,,
,289,,,
,289,,,
,289,,,
,289,,,
,289,,,
,289,,,
,290,,,
,290,,,
,290,,,
,290,,,
,290,,,
,290,,,
,290,,,
,290,,,
,290,,,
,290,,,
,291,,,
,291,,,
,291,,,
,291,,,
,291,,,
,291,,,
,291,,,
,291,,,
,291,,,
,291,,,
,291,,,
,291,,,
,291,,,
,291,,,
,291,,,
,291,,,
,291,,,
,291,,,
,291,,,
,291,,,
,291,,,
,291,,,
,291,,,
,291,,,
,291,,,
,291,,,
,291,,,
,291,,,
,291,,,
,291,,,
,291,,,
,291,,,
,291,,,
,291,,,
,291,,,
,291,,,
,291,,,
,291,,,
,291,,,
,291,,,
,291,,,
,291,,,
,291,,,
,291,,,
,291,,,
,291,,,
,291,,,
,291,,,
,291,,,
,291,,,
,291,,,
,291,,,
,291,,,
,291,,,
,291,,,
,291,,,
,291,,,
,291,,,
,291,,,
,291,,,
,291,,,
,291,,,
,291,,,
,291,,,
,291,,,
,291,,,
,291,,,
,291,,,
,291,,,
,291,,,
,291,,,
,291,,,
,291,,,
,291,,,
,291,,,
,291,,,
,291,,,
,291,,,
,291,,,
,291,,,
,291,,,
,291,,,
,291,,,
,291,,,
,291,,,
,291,,,
,291,,,
,291,,,
,291,,,
,291,,,
,291,,,
,291,,,
,291,,,
,291,,,
,291,,,
,291,,,
,291,,,
,291,,,
,291,,,
,291,,,
,291,,,
,291,,,
,292,,,
,292,,,
,292,,,
,292,,,
,292,,,
,292,,,
,292,,,
,292,,,
,292,,,
,292,,,
,292,,,
,292,,,
,292,,,
,292,,,
,292,,,
,292,,,
,292,,,
,292,,,
,292,,,
,292,,,
,292,,,
,292,,,
,292,,,
,292,,,
,292,,,
,292,,,
,292,,,
,292,,,
,293,,,
,293,,,
,293,,,
,293,,,
,293,,,
,293,,,
,293,,,
,293,,,
,293,,,
,293,,,
,294,,,
,294,,,
,294,,,
,294,,,
,294,,,
,294,,,
,294,,,
,294,,,
,294,,,
,294,,,
,294,,,
,294,,,
,294,,,
,294,,,
,294,,,
,295,,,
,295,,,
,295,,,
,295,,,
,295,,,
,295,,,
,295,,,
,296,,,
,296,,,
,296,,,
,296,,,
,296,,,
,296,,,
,296,,,
,296,,,
,296,,,
,296,,,
,296,,,
,296,,,
,296,,,
,296,,,
,296,,,
,296,,,
,296,,,
,296,,,
,296,,,
,296,,,
,296,,,
,296,,,
,296,,,
,297,,,
,297,,,
,297,,,
,297,,,
,297,,,
,297,,,
,298,,,
,298,,,
,298,,,
,298,,,
,298,,,
,298,,,
,298,,,
,298,,,
,298,,,
,298,,,
,298,,,
,298,,,
,298,,,
,298,,,
,298,,,
,298,,,
,298,,,
,298,,,
,298,,,
,298,,,
,298,,,
,298,,,
,299,,,
,299,,,
,300,,,
,300,,,
,300,,,
,300,,,
,300,,,
,301,,,
,302,,,
,302,,,
,302,,,
,305,,,
,305,,,
,326,,,
,326,,,
,326,,,
,326,,,
,326,,,
,326,,,
,326,,,
,326,,,
,326,,,
,326,,,
,326,,,
,326,,,
,326,,,
,326,,,
,326,,,
,326,,,
,326,,,
,326,,,
,326,,,
,326,,,
,326,,,
,326,,,
,326,,,
,326,,,
,326,,,
,326,,,
,326,,,
,326,,,
,326,,,
,326,,,
,326,,,
,326,,,
,326,,,
,326,,,
,326,,,
,326,,,
,326,,,
,326,,,
,326,,,
,326,,,
,326,,,
,326,,,
,326,,,
,326,,,
,326,,,
,326,,,
,326,,,
,326,,,
,326,,,
,326,,,
,326,,,
,326,,,
,326,,,
,326,,,
,326,,,
,326,,,
,326,,,
,326,,,
,326,,,
,326,,,
,326,,,
,326,,,
,326,,,
,326,,,
,326,,,
,326,,,
,326,,,
,326,,,
,326,,,
,326,,,
,326,,,
,326,,,
,326,,,
,326,,,
,326,,,
,326,,,
,326,,,
,326,,,
,326,,,
,326,,,
,326,,,
,326,,,
,326,,,
,326,,,
,326,,,
,326,,,
,326,,,
,326,,,
,326,,,
,326,,,
,326,,,
,326,,,
,326,,,
,326,,,
,326,,,
,326,,,
,326,,,
,326,,,
,326,,,
,326,,,
